{
  "epochs": 20,
  "steps": 240,
  "final_loss": 0.00018892915977630764,
  "min_loss": 2.8751506730984033e-10,
  "avg_loss": 0.004303124733269215,
  "losses": [
    2.8751506730984033e-10,
    0.01846037246286869,
    7.772826211294159e-05,
    0.00046906014904379845,
    0.009440211579203606,
    0.0002616112760733813,
    8.807417907519266e-05,
    0.0348082110285759,
    0.0001115509367082268,
    0.00016899091133382171,
    9.885785402730107e-06,
    0.00018658269254956394,
    1.3587979630358404e-09,
    0.018421459943056107,
    7.771330274408683e-05,
    0.00046838188427500427,
    0.00941893458366394,
    0.0002614943659864366,
    8.804319804767147e-05,
    0.03467714786529541,
    0.00011165674368385226,
    0.00016894435975700617,
    9.925563063006848e-06,
    0.0001867589890025556,
    4.17093826143855e-09,
    0.01837928406894207,
    7.771162927383557e-05,
    0.00046788048348389566,
    0.009407127276062965,
    0.00026138967950828373,
    8.801737567409873e-05,
    0.03461065515875816,
    0.00011172056110808626,
    0.0001688331103650853,
    9.963384400180075e-06,
    0.00018686933617573231,
    8.91567264460491e-09,
    0.01833377778530121,
    7.771062519168481e-05,
    0.000467437319457531,
    0.009395645931363106,
    0.00026131770573556423,
    8.799439092399552e-05,
    0.03448696807026863,
    0.00011177657870575786,
    0.0001687132753431797,
    1.000348220259184e-05,
    0.00018696334154810756,
    1.5690069687934738e-08,
    0.018261510878801346,
    7.77135428506881e-05,
    0.000467080797534436,
    0.009379041381180286,
    0.00026125236763618886,
    8.79748840816319e-05,
    0.034256547689437866,
    0.00011183572496520355,
    0.00016861205222085118,
    1.0046707757283002e-05,
    0.00018709739379119128,
    2.4567070155967485e-08,
    0.018146593123674393,
    7.77226741774939e-05,
    0.0004667419707402587,
    0.009354166686534882,
    0.00026121523114852607,
    8.795948815532029e-05,
    0.0338578037917614,
    0.00011189773795194924,
    0.00016851763939484954,
    1.0091484909935389e-05,
    0.00018725560221355408,
    3.563812356333074e-08,
    0.017972569912672043,
    7.773582183290273e-05,
    0.0004664238076657057,
    0.009317039512097836,
    0.0002612099633552134,
    8.794838504400104e-05,
    0.03323652967810631,
    0.00011196452396688983,
    0.00016843542107380927,
    1.013815199257806e-05,
    0.00018741788517218083,
    4.897912475598787e-08,
    0.017724182456731796,
    7.77554014348425e-05,
    0.000466113502625376,
    0.00926316250115633,
    0.0002612221578601748,
    8.794171299086884e-05,
    0.032346971333026886,
    0.00011203718895558268,
    0.00016836190479807556,
    1.0187236512138043e-05,
    0.00018759252270683646,
    6.463174884174805e-08,
    0.017391474917531013,
    7.777915016049519e-05,
    0.0004658181278500706,
    0.00918788742274046,
    0.000261248234892264,
    8.793997403699905e-05,
    0.031176147982478142,
    0.0001121150708058849,
    0.00016830161621328443,
    1.023958066070918e-05,
    0.0001878089242381975,
    8.252802530250847e-08,
    0.016966363415122032,
    7.780538726365194e-05,
    0.00046550354454666376,
    0.009084917604923248,
    0.0002612870011944324,
    8.794206223683432e-05,
    0.02973294071853161,
    0.0001121930472436361,
    0.00016824739577714354,
    1.0293325431121048e-05,
    0.00018801579426508397,
    1.0245320680724035e-07,
    0.01644868776202202,
    7.783320324961096e-05,
    0.000465164368506521,
    0.008950506336987019,
    0.00026132375933229923,
    8.794735913397744e-05,
    0.02804955095052719,
    0.00011227773211430758,
    0.0001681805879343301,
    1.0346958333684597e-05,
    0.00018821365665644407,
    1.2409337557528488e-07,
    0.015840524807572365,
    7.786310743540525e-05,
    0.0004647911118809134,
    0.00877931248396635,
    0.00026137358509004116,
    8.795422763796523e-05,
    0.026171687990427017,
    0.00011236497084610164,
    0.00016810621309559792,
    1.0398503945907578e-05,
    0.00018837388779502362,
    1.4698643724386784e-07,
    0.015152017585933208,
    7.789377559674904e-05,
    0.0004643846186809242,
    0.008570525795221329,
    0.000261417415458709,
    8.796172915026546e-05,
    0.02416466921567917,
    0.00011245173664065078,
    0.0001680269924690947,
    1.0447329259477556e-05,
    0.00018849872867576778,
    1.7060040136129828e-07,
    0.0143945487216115,
    7.791916141286492e-05,
    0.0004639204125851393,
    0.008317328989505768,
    0.0002614503027871251,
    8.796869224170223e-05,
    0.022086240351200104,
    0.00011253906995989382,
    0.00016793498070910573,
    1.0491524335520808e-05,
    0.00018863219884224236,
    1.9430608233506064e-07,
    0.013576810248196125,
    7.793767872499302e-05,
    0.0004634158394765109,
    0.008022274821996689,
    0.00026147669996134937,
    8.797418558970094e-05,
    0.019982952624559402,
    0.000112620931759011,
    0.00016782633611001074,
    1.053031792253023e-05,
    0.0001887370744952932,
    2.176589646296634e-07,
    0.01271837204694748,
    7.794897828716785e-05,
    0.0004628367896657437,
    0.0076883165165781975,
    0.00026147853350266814,
    8.797738701105118e-05,
    0.017925910651683807,
    0.00011268619709881023,
    0.00016771035734564066,
    1.0562696843408048e-05,
    0.00018884855671785772,
    2.402068446372141e-07,
    0.011834417469799519,
    7.79596739448607e-05,
    0.0004622057604137808,
    0.0073207891546189785,
    0.0002614659315440804,
    8.79775543580763e-05,
    0.01594770886003971,
    0.00011274348071310669,
    0.00016758752462919801,
    1.0590306374069769e-05,
    0.00018897037080023438,
    2.6161981736549933e-07,
    0.010937822051346302,
    7.796571298968047e-05,
    0.00046152720460668206,
    0.006923137232661247,
    0.0002614302502479404,
    8.797428017714992e-05,
    0.014090238139033318,
    0.00011278155579930171,
    0.00016744394088163972,
    1.061388411471853e-05,
    0.00018898581038229167,
    2.816921949033713e-07,
    0.010041172616183758,
    7.796124555170536e-05,
    0.0004607830778695643,
    0.006501662544906139,
    0.000261392182437703,
    8.796843758318573e-05,
    0.012371386401355267,
    0.00011280496983090416,
    0.00016729476919863373,
    1.0632206794980448e-05,
    0.00018895967514254153,
    3.0042613730074663e-07,
    0.009158235974609852,
    7.794830889906734e-05,
    0.00045997012057341635,
    0.006062250584363937,
    0.00026133787469007075,
    8.796039037406445e-05,
    0.010806228965520859,
    0.00011282810010015965,
    0.00016713443619664758,
    1.064560728991637e-05,
    0.00018892915977630764
  ]
}